{"type":"Topology","transform":{"scale":[0.00027941863370649415,0.0002926410827302948],"translate":[118.14555951500006,21.896356625000067]},"arcs":[[[370,8748],[62,-97],[-185,-45],[57,127],[66,15]],[[951,9007],[65,-16],[167,-254],[-72,-121],[-251,59],[-114,-41],[-71,-109],[-132,15],[18,173],[-58,98],[115,63],[161,-74],[74,125],[98,82]],[[13673,10548],[-145,-50],[-135,-114],[-9,-56],[-121,-98],[-75,-135],[-39,-162],[5,-190],[55,-134],[56,-275],[118,-97],[-54,-80],[13,-142],[-113,-49],[31,-121],[-175,-172],[-99,-407]],[[12986,8266],[-214,39],[-298,150],[7,-122],[-261,-42],[-136,70],[-86,-13],[-165,87]],[[11833,8435],[-51,62],[-229,-50],[-126,74],[-75,176]],[[11352,8697],[89,138],[212,162],[-25,90],[30,123]],[[11658,9210],[89,50],[113,229],[73,2]],[[11933,9491],[204,50],[23,59],[159,50],[27,64],[-12,166],[137,73],[138,27],[229,133],[101,3],[113,148],[141,17],[72,64],[-17,125],[179,23],[167,71],[79,-16]],[[8271,7896],[171,-54],[100,-220],[62,-44],[224,-39],[59,-249],[96,3],[83,-57]],[[9066,7236],[-133,-20],[19,-153],[-64,-46],[29,-86],[-65,-284],[171,-164],[-94,-26]],[[8929,6457],[-321,52],[-142,-4],[-212,59],[-67,44],[-448,-34],[-190,48],[-124,109]],[[7425,6731],[134,113],[94,193],[82,57],[98,142],[28,158],[196,196],[69,178],[145,128]],[[11443,7952],[24,-79],[-220,-77],[-24,-143],[123,-67],[26,-107],[-143,-105],[9,-50],[-91,-162],[63,-90],[-34,-281],[-102,-146],[-41,-190],[-83,-49],[85,-91],[44,-121],[-21,-163],[-80,-209],[-156,-46],[-78,-115],[-2,-88],[-197,-42],[-84,12],[-106,-150],[47,-81],[-132,-53]],[[10270,5259],[-55,92],[-151,25]],[[10064,5376],[-144,21],[-281,-15],[-108,222],[54,174],[-254,94],[-79,-13]],[[9252,5859],[-25,37],[-224,-39],[-115,85],[63,127],[-25,185],[58,93],[-55,110]],[[9066,7236],[241,-52],[88,35],[265,395],[269,-58],[108,69],[90,-37],[84,34],[60,100],[133,-5],[190,145],[106,-3],[116,100],[46,-45],[266,106],[82,-39],[167,4],[66,-33]],[[9252,5859],[-46,-143],[-169,32],[-90,52],[-128,-38],[-261,42],[-134,137],[-277,-54],[-69,27],[-643,-419],[-276,56]],[[7159,5551],[-31,340],[-48,78],[162,396],[-43,87],[181,180],[45,99]],[[9731,3235],[14,-90],[125,-58],[-31,-212],[-40,-71],[-125,0],[-42,-68],[-140,-27],[-131,-202],[-78,-268],[83,-172],[-39,-146],[136,-140],[-113,-43],[-38,-115],[134,-88],[42,-93],[5,-143],[246,-160],[106,57]],[[9845,1196],[-31,-386],[21,-286],[27,-52],[-91,-122],[-106,-43],[-14,-124],[89,-161],[-57,-22],[-104,130],[-264,51],[-31,-101],[-104,49],[11,159],[-102,148],[113,237],[-160,478],[-128,272],[-182,193],[-454,240],[-122,100]],[[8156,1956],[-6,170],[71,150],[11,124],[-43,65],[10,162],[69,182],[-7,147],[53,237],[306,-7],[185,152],[140,41],[114,-95],[99,80],[137,-25],[129,-131],[158,104],[149,-77]],[[12022,644],[221,-2],[6,-148],[124,-77],[-118,-49],[-211,156],[-22,120]],[[11987,5247],[-72,-155],[-46,-253],[-104,-83],[-124,-274],[46,-287],[-201,-152],[-67,-206],[-71,-130],[-287,-387],[-160,-62],[34,-184],[-86,-122],[-175,-140],[-167,-72],[-212,-167],[-47,-206],[-84,-67],[-94,-221],[-53,-181],[-177,-400],[5,-302]],[[9731,3235],[-17,121],[-112,91],[-27,191],[142,161],[31,177],[71,139],[-5,122],[99,346],[80,25],[116,122],[208,57]],[[10317,4787],[100,-24],[98,-196],[164,-33],[37,-74],[178,7],[81,-199],[133,-48],[54,-93],[184,22],[31,131],[125,355],[66,58],[-6,89],[120,171],[-35,135],[70,117],[95,82],[175,-40]],[[12986,8266],[-107,-185],[-136,-122],[-122,-67],[-49,-116],[19,-128],[-160,-153],[-9,-97],[112,-179],[-129,-258],[-48,-261],[-78,-158],[-15,-185],[-83,-153],[15,-46],[-79,-246],[-5,-104],[-94,-269],[37,-103],[-68,-189]],[[10317,4787],[71,98],[-135,68],[-80,85],[136,110],[-39,111]],[[11443,7952],[134,192],[153,98],[103,193]],[[5149,6083],[100,-81],[-47,-56],[51,-118],[131,7],[109,-64],[-16,-87],[-105,3],[-120,-81],[-168,125],[122,11],[19,148],[-99,145],[23,48]],[[13091,11071],[-48,-82],[-122,-13],[23,-176],[-108,-14],[-274,140],[-57,177],[136,35],[112,68]],[[12753,11206],[1,1]],[[12754,11207],[1,2]],[[12755,11209],[139,-69],[61,24],[136,-93]],[[9985,9624],[-218,87]],[[9767,9711],[66,79],[35,214],[80,106]],[[9948,10110],[108,-70],[161,-42],[64,-51],[-80,-93],[-178,-119],[-38,-111]],[[12259,11279],[47,-28],[72,-180],[-31,-78],[118,-92],[-43,-131],[121,-70],[-196,-70],[5,-159],[-128,14],[-98,133],[-180,108],[84,118],[-64,93],[-114,35],[30,83],[133,141],[244,83]],[[12754,11207],[-1,-1]],[[13091,11071],[335,-56],[106,-40],[-40,-103],[113,-194],[95,18],[119,-53],[-146,-95]],[[11933,9491],[-106,109],[-96,196],[93,78],[-121,170],[-207,13],[-56,182],[-88,81],[90,225],[93,-19],[124,77],[-61,219],[-299,114],[-69,72]],[[11230,11008],[251,47],[130,55],[104,102],[0,75],[121,183],[101,61],[346,96],[163,-85],[38,-114],[79,-93],[192,-126]],[[8271,7896],[70,59],[170,313],[351,425]],[[8862,8693],[251,-246],[138,-56],[100,-79],[169,-44],[100,-87],[254,6],[64,39],[-19,110],[66,24],[248,-37],[109,-119],[136,86],[174,48],[68,79],[97,4],[79,72],[148,7],[98,185]],[[11142,8685],[40,-36],[170,48]],[[8975,4539],[-61,-169],[-70,-41],[-223,-322],[-181,-138],[-154,-84],[-159,-299],[-139,6],[-85,-88],[-248,42],[-86,-10],[-245,66],[-62,-32]],[[7262,3470],[-10,129],[-133,170],[-170,114],[-105,36],[-107,109],[86,174],[91,254],[67,337],[78,141]],[[7059,4934],[217,-166],[151,15],[62,106],[137,72],[59,93],[144,36],[59,53],[318,41],[188,-61],[-29,-82],[204,-149],[-62,-55],[26,-218],[90,-104],[150,41],[202,-17]],[[11658,9210],[-108,7],[-50,81],[-20,167],[-86,86],[-107,14],[30,203],[-249,170],[-59,-18],[-246,160],[10,118],[-151,6],[-187,73],[-81,144],[-198,-21]],[[10156,10400],[-1,0]],[[10155,10400],[-4,1]],[[10151,10401],[104,131],[63,144],[84,78],[261,114],[482,160],[85,-20]],[[8862,8693],[131,126],[94,151],[112,272],[143,104],[117,122],[123,19],[119,102],[66,122]],[[9985,9624],[137,-3],[-31,-81],[176,-162],[213,-94],[33,-80],[-75,-115],[36,-197],[184,39],[163,-25],[160,42],[17,-57],[141,-120],[3,-86]],[[9948,10110],[50,42],[153,249]],[[10155,10400],[1,0]],[[8239,5542],[127,-44],[93,-104],[-51,-75],[-94,30],[-104,-76],[-165,147],[194,122]],[[10064,5376],[-218,-64],[-170,-107],[-74,-152],[-162,-112],[-90,7],[-37,-77],[-127,-45],[-67,-82],[-178,39],[-19,-93],[53,-151]],[[7059,4934],[49,152],[93,4],[-43,146],[14,88],[-110,207],[97,20]],[[8156,1956],[-81,18],[-286,184],[-208,253],[-50,167],[52,83],[-29,144],[-180,352],[-112,313]]],"objects":{"TW":{"type":"GeometryCollection","geometries":[{"type":null,"properties":{"OBJECTID":1,"County_ID":"09007","C_Name":"連江縣","C_Desc":"連江縣"}},{"arcs":[[[0]],[[1]]],"type":"MultiPolygon","properties":{"OBJECTID":2,"County_ID":"09020","C_Name":"金門縣","C_Desc":"金門縣"}},{"arcs":[[2,3,4,5,6,7]],"type":"Polygon","properties":{"OBJECTID":3,"County_ID":"10002","C_Name":"宜蘭縣","C_Desc":"宜蘭縣"}},{"arcs":[[8,9,10,11]],"type":"Polygon","properties":{"OBJECTID":6,"County_ID":"10007","C_Name":"彰化縣","C_Desc":"彰化縣"}},{"arcs":[[12,13,14,15,-10,16]],"type":"Polygon","properties":{"OBJECTID":7,"County_ID":"10008","C_Name":"南投縣","C_Desc":"南投縣"}},{"arcs":[[-16,17,18,-11]],"type":"Polygon","properties":{"OBJECTID":8,"County_ID":"10009","C_Name":"雲林縣","C_Desc":"雲林縣"}},{"arcs":[[19,20,21]],"type":"Polygon","properties":{"OBJECTID":10,"County_ID":"10013","C_Name":"屏東縣","C_Desc":"屏東縣"}},{"arcs":[[[22]],[[23,-20,24,25]]],"type":"MultiPolygon","properties":{"OBJECTID":11,"County_ID":"10014","C_Name":"臺東縣","C_Desc":"臺東縣"}},{"arcs":[[26,-26,27,-13,28,-4]],"type":"Polygon","properties":{"OBJECTID":12,"County_ID":"10015","C_Name":"花蓮縣","C_Desc":"花蓮縣"}},{"arcs":[[29]],"type":"Polygon","properties":{"OBJECTID":13,"County_ID":"10016","C_Name":"澎湖縣","C_Desc":"澎湖縣"}},{"arcs":[[30,31,32,33]],"type":"Polygon","properties":{"OBJECTID":14,"County_ID":"10017","C_Name":"基隆市","C_Desc":"基隆市"}},{"arcs":[[34,35,36]],"type":"Polygon","properties":{"OBJECTID":15,"County_ID":"10018","C_Name":"新竹市","C_Desc":"新竹市"}},{"arcs":[[37]],"type":"Polygon","properties":{"OBJECTID":17,"County_ID":"63","C_Name":"臺北市","C_Desc":"臺北市"}},{"arcs":[[-33,38,-31,39,-8,40,41],[-38]],"type":"Polygon","properties":{"OBJECTID":19,"County_ID":"65","C_Name":"新北市",